doc_id,source_page,gov_id,fiscal_year,doc_type,department_printed,line_description,line_kind,amount,amount_kind,units,division,fund,org,sbcl,account,pay_range,flags
mps-2027-proposed-school-lineitem,1,mps,2026,proposed,Acad Of Accelerated Learning,School Budget,school_summary,5766210.0,adopted,49.88,,,,,,,
mps-2027-proposed-school-lineitem,1,mps,2027,proposed,Acad Of Accelerated Learning,School Budget,school_summary,6448022.0,proposed,58.15,,,,,,,
mps-2027-proposed-school-lineitem,1,mps,2026,proposed,Acad Of Accelerated Learning,Enrollment,enrollment,,adopted,451.0,,,,,,,
mps-2027-proposed-school-lineitem,1,mps,2027,proposed,Acad Of Accelerated Learning,Enrollment,enrollment,,proposed,401.0,,,,,,,
mps-2027-proposed-school-lineitem,1,mps,2026,proposed,ALBA,School Budget,school_summary,6748992.0,adopted,57.4,,,,,,,
mps-2027-proposed-school-lineitem,1,mps,2027,proposed,ALBA,School Budget,school_summary,8300359.0,proposed,67.7,,,,,,,
mps-2027-proposed-school-lineitem,1,mps,2026,proposed,ALBA,Enrollment,enrollment,,adopted,587.0,,,,,,,
mps-2027-proposed-school-lineitem,1,mps,2027,proposed,ALBA,Enrollment,enrollment,,proposed,576.0,,,,,,,
mps-2027-proposed-school-lineitem,1,mps,2026,proposed,Alcott School,School Budget,school_summary,3682799.0,adopted,30.75,,,,,,,
mps-2027-proposed-school-lineitem,1,mps,2027,proposed,Alcott School,School Budget,school_summary,4490929.0,proposed,36.05,,,,,,,
mps-2027-proposed-school-lineitem,1,mps,2026,proposed,Alcott School,Enrollment,enrollment,,adopted,298.0,,,,,,,
mps-2027-proposed-school-lineitem,1,mps,2027,proposed,Alcott School,Enrollment,enrollment,,proposed,342.0,,,,,,,
mps-2027-proposed-school-lineitem,1,mps,2026,proposed,Allen-Field School,School Budget,school_summary,7447266.0,adopted,63.63,,,,,,,
mps-2027-proposed-school-lineitem,1,mps,2027,proposed,Allen-Field School,School Budget,school_summary,7447259.0,proposed,62.28,,,,,,,
mps-2027-proposed-school-lineitem,1,mps,2026,proposed,Allen-Field School,Enrollment,enrollment,,adopted,446.0,,,,,,,
mps-2027-proposed-school-lineitem,1,mps,2027,proposed,Allen-Field School,Enrollment,enrollment,,proposed,455.0,,,,,,,
mps-2027-proposed-school-lineitem,1,mps,2026,proposed,Alliance School,School Budget,school_summary,2387790.0,adopted,19.6,,,,,,,
mps-2027-proposed-school-lineitem,1,mps,2027,proposed,Alliance School,School Budget,school_summary,2298045.0,proposed,18.15,,,,,,,
mps-2027-proposed-school-lineitem,1,mps,2026,proposed,Alliance School,Enrollment,enrollment,,adopted,113.0,,,,,,,
mps-2027-proposed-school-lineitem,1,mps,2027,proposed,Alliance School,Enrollment,enrollment,,proposed,101.0,,,,,,,
mps-2027-proposed-school-lineitem,1,mps,2026,proposed,Andrew Douglas School,School Budget,school_summary,2270830.0,adopted,19.75,,,,,,,
mps-2027-proposed-school-lineitem,1,mps,2027,proposed,Andrew Douglas School,School Budget,school_summary,2448496.0,proposed,19.0,,,,,,,
mps-2027-proposed-school-lineitem,1,mps,2026,proposed,Andrew Douglas School,Enrollment,enrollment,,adopted,126.0,,,,,,,
mps-2027-proposed-school-lineitem,1,mps,2027,proposed,Andrew Douglas School,Enrollment,enrollment,,proposed,132.0,,,,,,,
mps-2027-proposed-school-lineitem,1,mps,2026,proposed,Audubon HS,School Budget,school_summary,6309804.0,adopted,51.35,,,,,,,
mps-2027-proposed-school-lineitem,1,mps,2027,proposed,Audubon HS,School Budget,school_summary,6203127.0,proposed,51.25,,,,,,,
mps-2027-proposed-school-lineitem,1,mps,2026,proposed,Audubon HS,Enrollment,enrollment,,adopted,440.0,,,,,,,
mps-2027-proposed-school-lineitem,1,mps,2027,proposed,Audubon HS,Enrollment,enrollment,,proposed,451.0,,,,,,,
mps-2027-proposed-school-lineitem,1,mps,2026,proposed,Audubon Tech & Comm Ctr MS,School Budget,school_summary,4860473.0,adopted,37.8,,,,,,,
mps-2027-proposed-school-lineitem,1,mps,2027,proposed,Audubon Tech & Comm Ctr MS,School Budget,school_summary,4485482.0,proposed,35.65,,,,,,,
mps-2027-proposed-school-lineitem,1,mps,2026,proposed,Audubon Tech & Comm Ctr MS,Enrollment,enrollment,,adopted,307.0,,,,,,,
mps-2027-proposed-school-lineitem,1,mps,2027,proposed,Audubon Tech & Comm Ctr MS,Enrollment,enrollment,,proposed,290.0,,,,,,,
mps-2027-proposed-school-lineitem,1,mps,2026,proposed,Auer Avenue School,School Budget,school_summary,2642282.0,adopted,23.95,,,,,,,
mps-2027-proposed-school-lineitem,1,mps,2027,proposed,Auer Avenue School,School Budget,school_summary,2877607.0,proposed,27.65,,,,,,,
mps-2027-proposed-school-lineitem,1,mps,2026,proposed,Auer Avenue School,Enrollment,enrollment,,adopted,149.0,,,,,,,
mps-2027-proposed-school-lineitem,1,mps,2027,proposed,Auer Avenue School,Enrollment,enrollment,,proposed,167.0,,,,,,,
mps-2027-proposed-school-lineitem,1,mps,2026,proposed,Barbee Montessori School,School Budget,school_summary,4057624.0,adopted,37.38,,,,,,,
mps-2027-proposed-school-lineitem,1,mps,2027,proposed,Barbee Montessori School,School Budget,school_summary,5090004.0,proposed,43.36,,,,,,,
mps-2027-proposed-school-lineitem,1,mps,2026,proposed,Barbee Montessori School,Enrollment,enrollment,,adopted,373.0,,,,,,,
mps-2027-proposed-school-lineitem,1,mps,2027,proposed,Barbee Montessori School,Enrollment,enrollment,,proposed,397.0,,,,,,,
mps-2027-proposed-school-lineitem,1,mps,2026,proposed,Barton School,School Budget,school_summary,3959699.0,adopted,34.38,,,,,,,
mps-2027-proposed-school-lineitem,1,mps,2027,proposed,Barton School,School Budget,school_summary,4495504.0,proposed,39.05,,,,,,,
mps-2027-proposed-school-lineitem,1,mps,2026,proposed,Barton School,Enrollment,enrollment,,adopted,241.0,,,,,,,
mps-2027-proposed-school-lineitem,1,mps,2027,proposed,Barton School,Enrollment,enrollment,,proposed,222.0,,,,,,,
mps-2027-proposed-school-lineitem,1,mps,2026,proposed,Bay View HS,School Budget,school_summary,11981400.0,adopted,91.45,,,,,,,
mps-2027-proposed-school-lineitem,1,mps,2027,proposed,Bay View HS,School Budget,school_summary,11246774.0,proposed,87.0,,,,,,,
mps-2027-proposed-school-lineitem,1,mps,2026,proposed,Bay View HS,Enrollment,enrollment,,adopted,916.0,,,,,,,
mps-2027-proposed-school-lineitem,1,mps,2027,proposed,Bay View HS,Enrollment,enrollment,,proposed,864.0,,,,,,,
mps-2027-proposed-school-lineitem,1,mps,2026,proposed,Bay View Montessori,School Budget,school_summary,4823558.0,adopted,41.35,,,,,,,
mps-2027-proposed-school-lineitem,1,mps,2027,proposed,Bay View Montessori,School Budget,school_summary,5521068.0,proposed,47.95,,,,,,,
mps-2027-proposed-school-lineitem,1,mps,2026,proposed,Bay View Montessori,Enrollment,enrollment,,adopted,516.0,,,,,,,
mps-2027-proposed-school-lineitem,1,mps,2027,proposed,Bay View Montessori,Enrollment,enrollment,,proposed,530.0,,,,,,,
mps-2027-proposed-school-lineitem,1,mps,2026,proposed,Bethune Academy,School Budget,school_summary,7617673.0,adopted,65.26,,,,,,,
mps-2027-proposed-school-lineitem,1,mps,2027,proposed,Bethune Academy,School Budget,school_summary,8191345.0,proposed,69.15,,,,,,,
mps-2027-proposed-school-lineitem,1,mps,2026,proposed,Bethune Academy,Enrollment,enrollment,,adopted,594.0,,,,,,,
mps-2027-proposed-school-lineitem,1,mps,2027,proposed,Bethune Academy,Enrollment,enrollment,,proposed,599.0,,,,,,,
mps-2027-proposed-school-lineitem,1,mps,2026,proposed,Bradley Technology And Trade,School Budget,school_summary,11879619.0,adopted,92.5,,,,,,,
mps-2027-proposed-school-lineitem,1,mps,2027,proposed,Bradley Technology And Trade,School Budget,school_summary,10762227.0,proposed,83.15,,,,,,,
mps-2027-proposed-school-lineitem,1,mps,2026,proposed,Bradley Technology And Trade,Enrollment,enrollment,,adopted,953.0,,,,,,,
mps-2027-proposed-school-lineitem,1,mps,2027,proposed,Bradley Technology And Trade,Enrollment,enrollment,,proposed,876.0,,,,,,,
mps-2027-proposed-school-lineitem,1,mps,2026,proposed,Brown Street School,School Budget,school_summary,3945072.0,adopted,33.76,,,,,,,
mps-2027-proposed-school-lineitem,1,mps,2027,proposed,Brown Street School,School Budget,school_summary,4234723.0,proposed,35.1,,,,,,,
mps-2027-proposed-school-lineitem,1,mps,2026,proposed,Brown Street School,Enrollment,enrollment,,adopted,239.0,,,,,,,
mps-2027-proposed-school-lineitem,1,mps,2027,proposed,Brown Street School,Enrollment,enrollment,,proposed,242.0,,,,,,,
mps-2027-proposed-school-lineitem,1,mps,2026,proposed,Browning School,School Budget,school_summary,4735393.0,adopted,42.35,,,,,,,
mps-2027-proposed-school-lineitem,1,mps,2027,proposed,Browning School,School Budget,school_summary,5106290.0,proposed,45.25,,,,,,,
mps-2027-proposed-school-lineitem,1,mps,2026,proposed,Browning School,Enrollment,enrollment,,adopted,330.0,,,,,,,
mps-2027-proposed-school-lineitem,1,mps,2027,proposed,Browning School,Enrollment,enrollment,,proposed,331.0,,,,,,,
mps-2027-proposed-school-lineitem,1,mps,2026,proposed,Bruce School,School Budget,school_summary,3988153.0,adopted,35.4,,,,,,,
mps-2027-proposed-school-lineitem,1,mps,2027,proposed,Bruce School,School Budget,school_summary,4253155.0,proposed,37.24,,,,,,,
mps-2027-proposed-school-lineitem,1,mps,2026,proposed,Bruce School,Enrollment,enrollment,,adopted,229.0,,,,,,,
mps-2027-proposed-school-lineitem,1,mps,2027,proposed,Bruce School,Enrollment,enrollment,,proposed,216.0,,,,,,,
mps-2027-proposed-school-lineitem,1,mps,2026,proposed,Bryant School,School Budget,school_summary,4263116.0,adopted,38.05,,,,,,,
mps-2027-proposed-school-lineitem,1,mps,2027,proposed,Bryant School,School Budget,school_summary,5074359.0,proposed,45.55,,,,,,,
mps-2027-proposed-school-lineitem,1,mps,2026,proposed,Bryant School,Enrollment,enrollment,,adopted,230.0,,,,,,,
mps-2027-proposed-school-lineitem,1,mps,2027,proposed,Bryant School,Enrollment,enrollment,,proposed,246.0,,,,,,,
mps-2027-proposed-school-lineitem,1,mps,2026,proposed,Burbank School,School Budget,school_summary,7353426.0,adopted,64.35,,,,,,,
mps-2027-proposed-school-lineitem,1,mps,2027,proposed,Burbank School,School Budget,school_summary,7514869.0,proposed,62.75,,,,,,,
mps-2027-proposed-school-lineitem,1,mps,2026,proposed,Burbank School,Enrollment,enrollment,,adopted,509.0,,,,,,,
mps-2027-proposed-school-lineitem,1,mps,2027,proposed,Burbank School,Enrollment,enrollment,,proposed,489.0,,,,,,,
mps-2027-proposed-school-lineitem,1,mps,2026,proposed,Burdick School,School Budget,school_summary,6257733.0,adopted,54.01,,,,,,,
mps-2027-proposed-school-lineitem,1,mps,2027,proposed,Burdick School,School Budget,school_summary,6745059.0,proposed,57.3,,,,,,,
mps-2027-proposed-school-lineitem,1,mps,2026,proposed,Burdick School,Enrollment,enrollment,,adopted,455.0,,,,,,,
mps-2027-proposed-school-lineitem,1,mps,2027,proposed,Burdick School,Enrollment,enrollment,,proposed,418.0,,,,,,,
mps-2027-proposed-school-lineitem,1,mps,2026,proposed,Carson Academy,School Budget,school_summary,3791633.0,adopted,30.4,,,,,,,
mps-2027-proposed-school-lineitem,1,mps,2027,proposed,Carson Academy,School Budget,school_summary,4398862.0,proposed,36.65,,,,,,,
mps-2027-proposed-school-lineitem,1,mps,2026,proposed,Carson Academy,Enrollment,enrollment,,adopted,280.0,,,,,,,
mps-2027-proposed-school-lineitem,1,mps,2027,proposed,Carson Academy,Enrollment,enrollment,,proposed,285.0,,,,,,,
mps-2027-proposed-school-lineitem,1,mps,2026,proposed,Carver Academy,School Budget,school_summary,4411833.0,adopted,36.05,,,,,,,
mps-2027-proposed-school-lineitem,1,mps,2027,proposed,Carver Academy,School Budget,school_summary,4855796.0,proposed,40.9,,,,,,,
mps-2027-proposed-school-lineitem,1,mps,2026,proposed,Carver Academy,Enrollment,enrollment,,adopted,292.0,,,,,,,
mps-2027-proposed-school-lineitem,1,mps,2027,proposed,Carver Academy,Enrollment,enrollment,,proposed,276.0,,,,,,,
mps-2027-proposed-school-lineitem,1,mps,2026,proposed,Cass Street School,School Budget,school_summary,4215365.0,adopted,32.0,,,,,,,
mps-2027-proposed-school-lineitem,1,mps,2027,proposed,Cass Street School,School Budget,school_summary,4141651.0,proposed,34.65,,,,,,,
mps-2027-proposed-school-lineitem,1,mps,2026,proposed,Cass Street School,Enrollment,enrollment,,adopted,280.0,,,,,,,
mps-2027-proposed-school-lineitem,1,mps,2027,proposed,Cass Street School,Enrollment,enrollment,,proposed,260.0,,,,,,,
mps-2027-proposed-school-lineitem,1,mps,2026,proposed,Clarke Street School,School Budget,school_summary,3179268.0,adopted,24.55,,,,,,,
mps-2027-proposed-school-lineitem,1,mps,2027,proposed,Clarke Street School,School Budget,school_summary,2881808.0,proposed,23.0,,,,,,,
mps-2027-proposed-school-lineitem,1,mps,2026,proposed,Clarke Street School,Enrollment,enrollment,,adopted,177.0,,,,,,,
mps-2027-proposed-school-lineitem,1,mps,2027,proposed,Clarke Street School,Enrollment,enrollment,,proposed,172.0,,,,,,,
mps-2027-proposed-school-lineitem,1,mps,2026,proposed,Clemens School,School Budget,school_summary,4759464.0,adopted,42.03,,,,,,,
mps-2027-proposed-school-lineitem,1,mps,2027,proposed,Clemens School,School Budget,school_summary,5030526.0,proposed,43.6,,,,,,,
mps-2027-proposed-school-lineitem,1,mps,2026,proposed,Clemens School,Enrollment,enrollment,,adopted,311.0,,,,,,,
mps-2027-proposed-school-lineitem,1,mps,2027,proposed,Clemens School,Enrollment,enrollment,,proposed,302.0,,,,,,,
mps-2027-proposed-school-lineitem,1,mps,2026,proposed,Clement Avenue School,School Budget,school_summary,3420084.0,adopted,28.75,,,,,,,
mps-2027-proposed-school-lineitem,1,mps,2027,proposed,Clement Avenue School,School Budget,school_summary,3532663.0,proposed,28.75,,,,,,,
mps-2027-proposed-school-lineitem,1,mps,2026,proposed,Clement Avenue School,Enrollment,enrollment,,adopted,235.0,,,,,,,
mps-2027-proposed-school-lineitem,1,mps,2027,proposed,Clement Avenue School,Enrollment,enrollment,,proposed,232.0,,,,,,,
mps-2027-proposed-school-lineitem,2,mps,2026,proposed,Congress School,School Budget,school_summary,8131461.0,adopted,69.1,,,,,,,
mps-2027-proposed-school-lineitem,2,mps,2027,proposed,Congress School,School Budget,school_summary,8574300.0,proposed,72.65,,,,,,,
mps-2027-proposed-school-lineitem,2,mps,2026,proposed,Congress School,Enrollment,enrollment,,adopted,584.0,,,,,,,
mps-2027-proposed-school-lineitem,2,mps,2027,proposed,Congress School,Enrollment,enrollment,,proposed,579.0,,,,,,,
mps-2027-proposed-school-lineitem,2,mps,2026,proposed,Cooper School,School Budget,school_summary,4720140.0,adopted,38.87,,,,,,,
mps-2027-proposed-school-lineitem,2,mps,2027,proposed,Cooper School,School Budget,school_summary,5627645.0,proposed,45.92,,,,,,,
mps-2027-proposed-school-lineitem,2,mps,2026,proposed,Cooper School,Enrollment,enrollment,,adopted,414.0,,,,,,,
mps-2027-proposed-school-lineitem,2,mps,2027,proposed,Cooper School,Enrollment,enrollment,,proposed,385.0,,,,,,,
mps-2027-proposed-school-lineitem,2,mps,2026,proposed,Craig Montessori School,School Budget,school_summary,3115811.0,adopted,26.35,,,,,,,
mps-2027-proposed-school-lineitem,2,mps,2027,proposed,Craig Montessori School,School Budget,school_summary,3694858.0,proposed,31.35,,,,,,,
mps-2027-proposed-school-lineitem,2,mps,2026,proposed,Craig Montessori School,Enrollment,enrollment,,adopted,245.0,,,,,,,
mps-2027-proposed-school-lineitem,2,mps,2027,proposed,Craig Montessori School,Enrollment,enrollment,,proposed,232.0,,,,,,,
mps-2027-proposed-school-lineitem,2,mps,2026,proposed,Curtin Leadership Academy,School Budget,school_summary,3515080.0,adopted,29.16,,,,,,,
mps-2027-proposed-school-lineitem,2,mps,2027,proposed,Curtin Leadership Academy,School Budget,school_summary,4035767.0,proposed,32.62,,,,,,,
mps-2027-proposed-school-lineitem,2,mps,2026,proposed,Curtin Leadership Academy,Enrollment,enrollment,,adopted,279.0,,,,,,,
mps-2027-proposed-school-lineitem,2,mps,2027,proposed,Curtin Leadership Academy,Enrollment,enrollment,,proposed,274.0,,,,,,,
mps-2027-proposed-school-lineitem,2,mps,2026,proposed,Doerfler School,School Budget,school_summary,7879522.0,adopted,64.6,,,,,,,
mps-2027-proposed-school-lineitem,2,mps,2027,proposed,Doerfler School,School Budget,school_summary,7370053.0,proposed,60.88,,,,,,,
mps-2027-proposed-school-lineitem,2,mps,2026,proposed,Doerfler School,Enrollment,enrollment,,adopted,530.0,,,,,,,
mps-2027-proposed-school-lineitem,2,mps,2027,proposed,Doerfler School,Enrollment,enrollment,,proposed,505.0,,,,,,,
mps-2027-proposed-school-lineitem,2,mps,2026,proposed,Eighty-First Street School,School Budget,school_summary,5480912.0,adopted,46.55,,,,,,,
mps-2027-proposed-school-lineitem,2,mps,2027,proposed,Eighty-First Street School,School Budget,school_summary,5669446.0,proposed,48.32,,,,,,,
mps-2027-proposed-school-lineitem,2,mps,2026,proposed,Eighty-First Street School,Enrollment,enrollment,,adopted,368.0,,,,,,,
mps-2027-proposed-school-lineitem,2,mps,2027,proposed,Eighty-First Street School,Enrollment,enrollment,,proposed,368.0,,,,,,,
mps-2027-proposed-school-lineitem,2,mps,2026,proposed,Elm Creative Arts School,School Budget,school_summary,4229001.0,adopted,35.6,,,,,,,
mps-2027-proposed-school-lineitem,2,mps,2027,proposed,Elm Creative Arts School,School Budget,school_summary,4220724.0,proposed,35.15,,,,,,,
mps-2027-proposed-school-lineitem,2,mps,2026,proposed,Elm Creative Arts School,Enrollment,enrollment,,adopted,318.0,,,,,,,
mps-2027-proposed-school-lineitem,2,mps,2027,proposed,Elm Creative Arts School,Enrollment,enrollment,,proposed,307.0,,,,,,,
mps-2027-proposed-school-lineitem,2,mps,2026,proposed,Emerson School,School Budget,school_summary,4116791.0,adopted,34.65,,,,,,,
mps-2027-proposed-school-lineitem,2,mps,2027,proposed,Emerson School,School Budget,school_summary,4516274.0,proposed,39.25,,,,,,,
mps-2027-proposed-school-lineitem,2,mps,2026,proposed,Emerson School,Enrollment,enrollment,,adopted,226.0,,,,,,,
mps-2027-proposed-school-lineitem,2,mps,2027,proposed,Emerson School,Enrollment,enrollment,,proposed,233.0,,,,,,,
mps-2027-proposed-school-lineitem,2,mps,2026,proposed,Engleburg School,School Budget,school_summary,4851642.0,adopted,45.6,,,,,,,
mps-2027-proposed-school-lineitem,2,mps,2027,proposed,Engleburg School,School Budget,school_summary,5392826.0,proposed,48.2,,,,,,,
mps-2027-proposed-school-lineitem,2,mps,2026,proposed,Engleburg School,Enrollment,enrollment,,adopted,271.0,,,,,,,
mps-2027-proposed-school-lineitem,2,mps,2027,proposed,Engleburg School,Enrollment,enrollment,,proposed,275.0,,,,,,,
mps-2027-proposed-school-lineitem,2,mps,2026,proposed,Fairview School,School Budget,school_summary,7567213.0,adopted,65.85,,,,,,,
mps-2027-proposed-school-lineitem,2,mps,2027,proposed,Fairview School,School Budget,school_summary,7754338.0,proposed,67.15,,,,,,,
mps-2027-proposed-school-lineitem,2,mps,2026,proposed,Fairview School,Enrollment,enrollment,,adopted,608.0,,,,,,,
mps-2027-proposed-school-lineitem,2,mps,2027,proposed,Fairview School,Enrollment,enrollment,,proposed,600.0,,,,,,,
mps-2027-proposed-school-lineitem,2,mps,2026,proposed,Fernwood Montessori School,School Budget,school_summary,6801059.0,adopted,60.2,,,,,,,
mps-2027-proposed-school-lineitem,2,mps,2027,proposed,Fernwood Montessori School,School Budget,school_summary,7295638.0,proposed,61.55,,,,,,,
mps-2027-proposed-school-lineitem,2,mps,2026,proposed,Fernwood Montessori School,Enrollment,enrollment,,adopted,783.0,,,,,,,
mps-2027-proposed-school-lineitem,2,mps,2027,proposed,Fernwood Montessori School,Enrollment,enrollment,,proposed,767.0,,,,,,,
mps-2027-proposed-school-lineitem,2,mps,2026,proposed,Fifty-Third Street School,School Budget,school_summary,4540567.0,adopted,38.7,,,,,,,
mps-2027-proposed-school-lineitem,2,mps,2027,proposed,Fifty-Third Street School,School Budget,school_summary,5321875.0,proposed,44.95,,,,,,,
mps-2027-proposed-school-lineitem,2,mps,2026,proposed,Fifty-Third Street School,Enrollment,enrollment,,adopted,310.0,,,,,,,
mps-2027-proposed-school-lineitem,2,mps,2027,proposed,Fifty-Third Street School,Enrollment,enrollment,,proposed,306.0,,,,,,,
mps-2027-proposed-school-lineitem,2,mps,2026,proposed,Forest Home Avenue School,School Budget,school_summary,9973507.0,adopted,87.75,,,,,,,
mps-2027-proposed-school-lineitem,2,mps,2027,proposed,Forest Home Avenue School,School Budget,school_summary,10757713.0,proposed,94.19,,,,,,,
mps-2027-proposed-school-lineitem,2,mps,2026,proposed,Forest Home Avenue School,Enrollment,enrollment,,adopted,573.0,,,,,,,
mps-2027-proposed-school-lineitem,2,mps,2027,proposed,Forest Home Avenue School,Enrollment,enrollment,,proposed,529.0,,,,,,,
mps-2027-proposed-school-lineitem,2,mps,2026,proposed,Franklin School,School Budget,school_summary,4150502.0,adopted,35.68,,,,,,,
mps-2027-proposed-school-lineitem,2,mps,2027,proposed,Franklin School,School Budget,school_summary,3994616.0,proposed,34.47,,,,,,,
mps-2027-proposed-school-lineitem,2,mps,2026,proposed,Franklin School,Enrollment,enrollment,,adopted,211.0,,,,,,,
mps-2027-proposed-school-lineitem,2,mps,2027,proposed,Franklin School,Enrollment,enrollment,,proposed,158.0,,,,,,,
mps-2027-proposed-school-lineitem,2,mps,2026,proposed,Fratney School,School Budget,school_summary,5894259.0,adopted,49.53,,,,,,,
mps-2027-proposed-school-lineitem,2,mps,2027,proposed,Fratney School,School Budget,school_summary,6885556.0,proposed,58.6,,,,,,,
mps-2027-proposed-school-lineitem,2,mps,2026,proposed,Fratney School,Enrollment,enrollment,,adopted,524.0,,,,,,,
mps-2027-proposed-school-lineitem,2,mps,2027,proposed,Fratney School,Enrollment,enrollment,,proposed,580.0,,,,,,,
mps-2027-proposed-school-lineitem,2,mps,2026,proposed,Gaenslen School,School Budget,school_summary,13012071.0,adopted,119.72,,,,,,,
mps-2027-proposed-school-lineitem,2,mps,2027,proposed,Gaenslen School,School Budget,school_summary,13606111.0,proposed,122.3,,,,,,,
mps-2027-proposed-school-lineitem,2,mps,2026,proposed,Gaenslen School,Enrollment,enrollment,,adopted,720.0,,,,,,,
mps-2027-proposed-school-lineitem,2,mps,2027,proposed,Gaenslen School,Enrollment,enrollment,,proposed,742.0,,,,,,,
mps-2027-proposed-school-lineitem,2,mps,2026,proposed,Garland School,School Budget,school_summary,6146262.0,adopted,52.0,,,,,,,
mps-2027-proposed-school-lineitem,2,mps,2027,proposed,Garland School,School Budget,school_summary,6673693.0,proposed,55.25,,,,,,,
mps-2027-proposed-school-lineitem,2,mps,2026,proposed,Garland School,Enrollment,enrollment,,adopted,504.0,,,,,,,
mps-2027-proposed-school-lineitem,2,mps,2027,proposed,Garland School,Enrollment,enrollment,,proposed,473.0,,,,,,,
mps-2027-proposed-school-lineitem,2,mps,2026,proposed,Golda Meir School,School Budget,school_summary,11913106.0,adopted,93.95,,,,,,,
mps-2027-proposed-school-lineitem,2,mps,2027,proposed,Golda Meir School,School Budget,school_summary,12382442.0,proposed,94.18,,,,,,,
mps-2027-proposed-school-lineitem,2,mps,2026,proposed,Golda Meir School,Enrollment,enrollment,,adopted,1197.0,,,,,,,
mps-2027-proposed-school-lineitem,2,mps,2027,proposed,Golda Meir School,Enrollment,enrollment,,proposed,1212.0,,,,,,,
mps-2027-proposed-school-lineitem,2,mps,2026,proposed,Goodrich School,School Budget,school_summary,4890736.0,adopted,43.1,,,,,,,
mps-2027-proposed-school-lineitem,2,mps,2027,proposed,Goodrich School,School Budget,school_summary,5984736.0,proposed,51.5,,,,,,,
mps-2027-proposed-school-lineitem,2,mps,2026,proposed,Goodrich School,Enrollment,enrollment,,adopted,341.0,,,,,,,
mps-2027-proposed-school-lineitem,2,mps,2027,proposed,Goodrich School,Enrollment,enrollment,,proposed,371.0,,,,,,,
mps-2027-proposed-school-lineitem,2,mps,2026,proposed,Grant School,School Budget,school_summary,6922854.0,adopted,54.88,,,,,,,
mps-2027-proposed-school-lineitem,2,mps,2027,proposed,Grant School,School Budget,school_summary,7231072.0,proposed,58.6,,,,,,,
mps-2027-proposed-school-lineitem,2,mps,2026,proposed,Grant School,Enrollment,enrollment,,adopted,576.0,,,,,,,
mps-2027-proposed-school-lineitem,2,mps,2027,proposed,Grant School,Enrollment,enrollment,,proposed,582.0,,,,,,,
mps-2027-proposed-school-lineitem,2,mps,2026,proposed,Grantosa Drive School,School Budget,school_summary,6822649.0,adopted,57.28,,,,,,,
mps-2027-proposed-school-lineitem,2,mps,2027,proposed,Grantosa Drive School,School Budget,school_summary,6788426.0,proposed,56.9,,,,,,,
mps-2027-proposed-school-lineitem,2,mps,2026,proposed,Grantosa Drive School,Enrollment,enrollment,,adopted,497.0,,,,,,,
mps-2027-proposed-school-lineitem,2,mps,2027,proposed,Grantosa Drive School,Enrollment,enrollment,,proposed,487.0,,,,,,,
mps-2027-proposed-school-lineitem,2,mps,2026,proposed,Green Tree Prep Academy,School Budget,school_summary,6582465.0,adopted,47.85,,,,,,,
mps-2027-proposed-school-lineitem,2,mps,2027,proposed,Green Tree Prep Academy,School Budget,school_summary,5327978.0,proposed,39.75,,,,,,,
mps-2027-proposed-school-lineitem,2,mps,2026,proposed,Green Tree Prep Academy,Enrollment,enrollment,,adopted,468.0,,,,,,,
mps-2027-proposed-school-lineitem,2,mps,2027,proposed,Green Tree Prep Academy,Enrollment,enrollment,,proposed,422.0,,,,,,,
mps-2027-proposed-school-lineitem,2,mps,2026,proposed,Greenfield School,School Budget,school_summary,6722294.0,adopted,54.4,,,,,,,
mps-2027-proposed-school-lineitem,2,mps,2027,proposed,Greenfield School,School Budget,school_summary,6993480.0,proposed,56.25,,,,,,,
mps-2027-proposed-school-lineitem,2,mps,2026,proposed,Greenfield School,Enrollment,enrollment,,adopted,547.0,,,,,,,
mps-2027-proposed-school-lineitem,2,mps,2027,proposed,Greenfield School,Enrollment,enrollment,,proposed,538.0,,,,,,,
mps-2027-proposed-school-lineitem,2,mps,2026,proposed,Groppi HS,School Budget,school_summary,2408901.0,adopted,19.52,,,,,,,
mps-2027-proposed-school-lineitem,2,mps,2027,proposed,Groppi HS,School Budget,school_summary,2393044.0,proposed,17.78,,,,,,,
mps-2027-proposed-school-lineitem,2,mps,2026,proposed,Groppi HS,Enrollment,enrollment,,adopted,155.0,,,,,,,
mps-2027-proposed-school-lineitem,2,mps,2027,proposed,Groppi HS,Enrollment,enrollment,,proposed,156.0,,,,,,,
mps-2027-proposed-school-lineitem,2,mps,2026,proposed,Hamilton HS,School Budget,school_summary,17439045.0,adopted,139.65,,,,,,,
mps-2027-proposed-school-lineitem,2,mps,2027,proposed,Hamilton HS,School Budget,school_summary,16509937.0,proposed,131.75,,,,,,,
mps-2027-proposed-school-lineitem,2,mps,2026,proposed,Hamilton HS,Enrollment,enrollment,,adopted,1320.0,,,,,,,
mps-2027-proposed-school-lineitem,2,mps,2027,proposed,Hamilton HS,Enrollment,enrollment,,proposed,1239.0,,,,,,,
mps-2027-proposed-school-lineitem,2,mps,2026,proposed,Hampton School,School Budget,school_summary,3278584.0,adopted,27.45,,,,,,,
mps-2027-proposed-school-lineitem,2,mps,2027,proposed,Hampton School,School Budget,school_summary,3043015.0,proposed,26.4,,,,,,,
mps-2027-proposed-school-lineitem,2,mps,2026,proposed,Hampton School,Enrollment,enrollment,,adopted,180.0,,,,,,,
mps-2027-proposed-school-lineitem,2,mps,2027,proposed,Hampton School,Enrollment,enrollment,,proposed,178.0,,,,,,,
mps-2027-proposed-school-lineitem,2,mps,2026,proposed,Hartford University School,School Budget,school_summary,3669957.0,adopted,30.5,,,,,,,
mps-2027-proposed-school-lineitem,2,mps,2027,proposed,Hartford University School,School Budget,school_summary,4036344.0,proposed,33.05,,,,,,,
mps-2027-proposed-school-lineitem,2,mps,2026,proposed,Hartford University School,Enrollment,enrollment,,adopted,258.0,,,,,,,
mps-2027-proposed-school-lineitem,2,mps,2027,proposed,Hartford University School,Enrollment,enrollment,,proposed,258.0,,,,,,,
mps-2027-proposed-school-lineitem,3,mps,2026,proposed,Hawley Environmental School,School Budget,school_summary,3569564.0,adopted,31.4,,,,,,,
mps-2027-proposed-school-lineitem,3,mps,2027,proposed,Hawley Environmental School,School Budget,school_summary,4232252.0,proposed,36.0,,,,,,,
mps-2027-proposed-school-lineitem,3,mps,2026,proposed,Hawley Environmental School,Enrollment,enrollment,,adopted,240.0,,,,,,,
mps-2027-proposed-school-lineitem,3,mps,2027,proposed,Hawley Environmental School,Enrollment,enrollment,,proposed,234.0,,,,,,,
mps-2027-proposed-school-lineitem,3,mps,2026,proposed,Hawthorne School,School Budget,school_summary,3641354.0,adopted,31.2,,,,,,,
mps-2027-proposed-school-lineitem,3,mps,2027,proposed,Hawthorne School,School Budget,school_summary,3717065.0,proposed,31.2,,,,,,,
mps-2027-proposed-school-lineitem,3,mps,2026,proposed,Hawthorne School,Enrollment,enrollment,,adopted,261.0,,,,,,,
mps-2027-proposed-school-lineitem,3,mps,2027,proposed,Hawthorne School,Enrollment,enrollment,,proposed,252.0,,,,,,,
mps-2027-proposed-school-lineitem,3,mps,2026,proposed,Hayes Bilingual School,School Budget,school_summary,9531726.0,adopted,81.78,,,,,,,
mps-2027-proposed-school-lineitem,3,mps,2027,proposed,Hayes Bilingual School,School Budget,school_summary,10132339.0,proposed,85.2,,,,,,,
mps-2027-proposed-school-lineitem,3,mps,2026,proposed,Hayes Bilingual School,Enrollment,enrollment,,adopted,675.0,,,,,,,
mps-2027-proposed-school-lineitem,3,mps,2027,proposed,Hayes Bilingual School,Enrollment,enrollment,,proposed,664.0,,,,,,,
mps-2027-proposed-school-lineitem,3,mps,2026,proposed,Hi-Mount School,School Budget,school_summary,2593438.0,adopted,21.85,,,,,,,
mps-2027-proposed-school-lineitem,3,mps,2027,proposed,Hi-Mount School,School Budget,school_summary,3238965.0,proposed,27.1,,,,,,,
mps-2027-proposed-school-lineitem,3,mps,2026,proposed,Hi-Mount School,Enrollment,enrollment,,adopted,172.0,,,,,,,
mps-2027-proposed-school-lineitem,3,mps,2027,proposed,Hi-Mount School,Enrollment,enrollment,,proposed,188.0,,,,,,,
mps-2027-proposed-school-lineitem,3,mps,2026,proposed,Holmes School,School Budget,school_summary,4576152.0,adopted,38.87,,,,,,,
mps-2027-proposed-school-lineitem,3,mps,2027,proposed,Holmes School,School Budget,school_summary,5129545.0,proposed,44.3,,,,,,,
mps-2027-proposed-school-lineitem,3,mps,2026,proposed,Holmes School,Enrollment,enrollment,,adopted,286.0,,,,,,,
mps-2027-proposed-school-lineitem,3,mps,2027,proposed,Holmes School,Enrollment,enrollment,,proposed,304.0,,,,,,,
mps-2027-proposed-school-lineitem,3,mps,2026,proposed,Honey Creek School,School Budget,school_summary,4539873.0,adopted,41.1,,,,,,,
mps-2027-proposed-school-lineitem,3,mps,2027,proposed,Honey Creek School,School Budget,school_summary,5051014.0,proposed,43.05,,,,,,,
mps-2027-proposed-school-lineitem,3,mps,2026,proposed,Honey Creek School,Enrollment,enrollment,,adopted,379.0,,,,,,,
mps-2027-proposed-school-lineitem,3,mps,2027,proposed,Honey Creek School,Enrollment,enrollment,,proposed,377.0,,,,,,,
mps-2027-proposed-school-lineitem,3,mps,2026,proposed,Hopkins-Lloyd School,School Budget,school_summary,2247617.0,adopted,19.6,,,,,,,
mps-2027-proposed-school-lineitem,3,mps,2027,proposed,Hopkins-Lloyd School,School Budget,school_summary,2830614.0,proposed,24.71,,,,,,,
mps-2027-proposed-school-lineitem,3,mps,2026,proposed,Hopkins-Lloyd School,Enrollment,enrollment,,adopted,129.0,,,,,,,
mps-2027-proposed-school-lineitem,3,mps,2027,proposed,Hopkins-Lloyd School,Enrollment,enrollment,,proposed,135.0,,,,,,,
mps-2027-proposed-school-lineitem,3,mps,2026,proposed,Humboldt Park School,School Budget,school_summary,6672063.0,adopted,57.26,,,,,,,
mps-2027-proposed-school-lineitem,3,mps,2027,proposed,Humboldt Park School,School Budget,school_summary,7316614.0,proposed,61.27,,,,,,,
mps-2027-proposed-school-lineitem,3,mps,2026,proposed,Humboldt Park School,Enrollment,enrollment,,adopted,561.0,,,,,,,
mps-2027-proposed-school-lineitem,3,mps,2027,proposed,Humboldt Park School,Enrollment,enrollment,,proposed,550.0,,,,,,,
mps-2027-proposed-school-lineitem,3,mps,2026,proposed,I.D.E.A.L,School Budget,school_summary,2888060.0,adopted,23.95,,,,,,,
mps-2027-proposed-school-lineitem,3,mps,2027,proposed,I.D.E.A.L,School Budget,school_summary,3297230.0,proposed,25.55,,,,,,,
mps-2027-proposed-school-lineitem,3,mps,2026,proposed,I.D.E.A.L,Enrollment,enrollment,,adopted,236.0,,,,,,,
mps-2027-proposed-school-lineitem,3,mps,2027,proposed,I.D.E.A.L,Enrollment,enrollment,,proposed,242.0,,,,,,,
mps-2027-proposed-school-lineitem,3,mps,2026,proposed,Jackson School,School Budget,school_summary,3963634.0,adopted,34.65,,,,,,,
mps-2027-proposed-school-lineitem,3,mps,2027,proposed,Jackson School,School Budget,school_summary,4370183.0,proposed,39.42,,,,,,,
mps-2027-proposed-school-lineitem,3,mps,2026,proposed,Jackson School,Enrollment,enrollment,,adopted,216.0,,,,,,,
mps-2027-proposed-school-lineitem,3,mps,2027,proposed,Jackson School,Enrollment,enrollment,,proposed,215.0,,,,,,,
mps-2027-proposed-school-lineitem,3,mps,2026,proposed,Kagel School,School Budget,school_summary,3936073.0,adopted,33.45,,,,,,,
mps-2027-proposed-school-lineitem,3,mps,2027,proposed,Kagel School,School Budget,school_summary,4423758.0,proposed,36.75,,,,,,,
mps-2027-proposed-school-lineitem,3,mps,2026,proposed,Kagel School,Enrollment,enrollment,,adopted,273.0,,,,,,,
mps-2027-proposed-school-lineitem,3,mps,2027,proposed,Kagel School,Enrollment,enrollment,,proposed,269.0,,,,,,,
mps-2027-proposed-school-lineitem,3,mps,2026,proposed,Keefe Avenue School,School Budget,school_summary,2342351.0,adopted,19.8,,,,,,,
mps-2027-proposed-school-lineitem,3,mps,2027,proposed,Keefe Avenue School,School Budget,school_summary,2598486.0,proposed,21.4,,,,,,,
mps-2027-proposed-school-lineitem,3,mps,2026,proposed,Keefe Avenue School,Enrollment,enrollment,,adopted,122.0,,,,,,,
mps-2027-proposed-school-lineitem,3,mps,2027,proposed,Keefe Avenue School,Enrollment,enrollment,,proposed,112.0,,,,,,,
mps-2027-proposed-school-lineitem,3,mps,2026,proposed,Kilbourn School,School Budget,school_summary,3010523.0,adopted,25.95,,,,,,,
mps-2027-proposed-school-lineitem,3,mps,2027,proposed,Kilbourn School,School Budget,school_summary,3627671.0,proposed,31.07,,,,,,,
mps-2027-proposed-school-lineitem,3,mps,2026,proposed,Kilbourn School,Enrollment,enrollment,,adopted,201.0,,,,,,,
mps-2027-proposed-school-lineitem,3,mps,2027,proposed,Kilbourn School,Enrollment,enrollment,,proposed,214.0,,,,,,,
mps-2027-proposed-school-lineitem,3,mps,2026,proposed,King ES,School Budget,school_summary,3994550.0,adopted,30.76,,,,,,,
mps-2027-proposed-school-lineitem,3,mps,2027,proposed,King ES,School Budget,school_summary,4057204.0,proposed,33.02,,,,,,,
mps-2027-proposed-school-lineitem,3,mps,2026,proposed,King ES,Enrollment,enrollment,,adopted,246.0,,,,,,,
mps-2027-proposed-school-lineitem,3,mps,2027,proposed,King ES,Enrollment,enrollment,,proposed,249.0,,,,,,,
mps-2027-proposed-school-lineitem,3,mps,2026,proposed,King IB HS,School Budget,school_summary,13866091.0,adopted,109.7,,,,,,,
mps-2027-proposed-school-lineitem,3,mps,2027,proposed,King IB HS,School Budget,school_summary,13652804.0,proposed,105.85,,,,,,,
mps-2027-proposed-school-lineitem,3,mps,2026,proposed,King IB HS,Enrollment,enrollment,,adopted,1254.0,,,,,,,
mps-2027-proposed-school-lineitem,3,mps,2027,proposed,King IB HS,Enrollment,enrollment,,proposed,1206.0,,,,,,,
mps-2027-proposed-school-lineitem,3,mps,2026,proposed,King IB MS,School Budget,school_summary,2674152.0,adopted,20.3,,,,,,,
mps-2027-proposed-school-lineitem,3,mps,2027,proposed,King IB MS,School Budget,school_summary,2899460.0,proposed,22.0,,,,,,,
mps-2027-proposed-school-lineitem,3,mps,2026,proposed,King IB MS,Enrollment,enrollment,,adopted,161.0,,,,,,,
mps-2027-proposed-school-lineitem,3,mps,2027,proposed,King IB MS,Enrollment,enrollment,,proposed,161.0,,,,,,,
mps-2027-proposed-school-lineitem,3,mps,2026,proposed,Kluge School,School Budget,school_summary,5593695.0,adopted,49.83,,,,,,,
mps-2027-proposed-school-lineitem,3,mps,2027,proposed,Kluge School,School Budget,school_summary,5555933.0,proposed,49.44,,,,,,,
mps-2027-proposed-school-lineitem,3,mps,2026,proposed,Kluge School,Enrollment,enrollment,,adopted,291.0,,,,,,,
mps-2027-proposed-school-lineitem,3,mps,2027,proposed,Kluge School,Enrollment,enrollment,,proposed,269.0,,,,,,,
mps-2027-proposed-school-lineitem,3,mps,2026,proposed,Lafollette School,School Budget,school_summary,3649413.0,adopted,30.62,,,,,,,
mps-2027-proposed-school-lineitem,3,mps,2027,proposed,Lafollette School,School Budget,school_summary,4161476.0,proposed,35.67,,,,,,,
mps-2027-proposed-school-lineitem,3,mps,2026,proposed,Lafollette School,Enrollment,enrollment,,adopted,204.0,,,,,,,
mps-2027-proposed-school-lineitem,3,mps,2027,proposed,Lafollette School,Enrollment,enrollment,,proposed,211.0,,,,,,,
mps-2027-proposed-school-lineitem,3,mps,2026,proposed,Lancaster School,School Budget,school_summary,4039410.0,adopted,33.25,,,,,,,
mps-2027-proposed-school-lineitem,3,mps,2027,proposed,Lancaster School,School Budget,school_summary,4653513.0,proposed,38.55,,,,,,,
mps-2027-proposed-school-lineitem,3,mps,2026,proposed,Lancaster School,Enrollment,enrollment,,adopted,307.0,,,,,,,
mps-2027-proposed-school-lineitem,3,mps,2027,proposed,Lancaster School,Enrollment,enrollment,,proposed,297.0,,,,,,,
mps-2027-proposed-school-lineitem,3,mps,2026,proposed,Lincoln Avenue School,School Budget,school_summary,6078967.0,adopted,51.49,,,,,,,
mps-2027-proposed-school-lineitem,3,mps,2027,proposed,Lincoln Avenue School,School Budget,school_summary,6300717.0,proposed,52.73,,,,,,,
mps-2027-proposed-school-lineitem,3,mps,2026,proposed,Lincoln Avenue School,Enrollment,enrollment,,adopted,430.0,,,,,,,
mps-2027-proposed-school-lineitem,3,mps,2027,proposed,Lincoln Avenue School,Enrollment,enrollment,,proposed,408.0,,,,,,,
mps-2027-proposed-school-lineitem,3,mps,2026,proposed,Lincoln Center Of The Arts,School Budget,school_summary,4634369.0,adopted,37.75,,,,,,,
mps-2027-proposed-school-lineitem,3,mps,2027,proposed,Lincoln Center Of The Arts,School Budget,school_summary,4634113.0,proposed,35.95,,,,,,,
mps-2027-proposed-school-lineitem,3,mps,2026,proposed,Lincoln Center Of The Arts,Enrollment,enrollment,,adopted,335.0,,,,,,,
mps-2027-proposed-school-lineitem,3,mps,2027,proposed,Lincoln Center Of The Arts,Enrollment,enrollment,,proposed,353.0,,,,,,,
mps-2027-proposed-school-lineitem,3,mps,2026,proposed,Longfellow School,School Budget,school_summary,10016619.0,adopted,90.03,,,,,,,
mps-2027-proposed-school-lineitem,3,mps,2027,proposed,Longfellow School,School Budget,school_summary,10532339.0,proposed,91.97,,,,,,,
mps-2027-proposed-school-lineitem,3,mps,2026,proposed,Longfellow School,Enrollment,enrollment,,adopted,723.0,,,,,,,
mps-2027-proposed-school-lineitem,3,mps,2027,proposed,Longfellow School,Enrollment,enrollment,,proposed,720.0,,,,,,,
mps-2027-proposed-school-lineitem,3,mps,2026,proposed,Lowell School,School Budget,school_summary,3686068.0,adopted,29.6,,,,,,,
mps-2027-proposed-school-lineitem,3,mps,2027,proposed,Lowell School,School Budget,school_summary,3653440.0,proposed,29.9,,,,,,,
mps-2027-proposed-school-lineitem,3,mps,2026,proposed,Lowell School,Enrollment,enrollment,,adopted,228.0,,,,,,,
mps-2027-proposed-school-lineitem,3,mps,2027,proposed,Lowell School,Enrollment,enrollment,,proposed,230.0,,,,,,,
mps-2027-proposed-school-lineitem,3,mps,2026,proposed,Macdowell Montessori School,School Budget,school_summary,10284243.0,adopted,87.01,,,,,,,
mps-2027-proposed-school-lineitem,3,mps,2027,proposed,Macdowell Montessori School,School Budget,school_summary,10476351.0,proposed,87.21,,,,,,,
mps-2027-proposed-school-lineitem,3,mps,2026,proposed,Macdowell Montessori School,Enrollment,enrollment,,adopted,896.0,,,,,,,
mps-2027-proposed-school-lineitem,3,mps,2027,proposed,Macdowell Montessori School,Enrollment,enrollment,,proposed,895.0,,,,,,,
mps-2027-proposed-school-lineitem,3,mps,2026,proposed,Madison Academic HS,School Budget,school_summary,6950136.0,adopted,54.93,,,,,,,
mps-2027-proposed-school-lineitem,3,mps,2027,proposed,Madison Academic HS,School Budget,school_summary,6865720.0,proposed,54.53,,,,,,,
mps-2027-proposed-school-lineitem,3,mps,2026,proposed,Madison Academic HS,Enrollment,enrollment,,adopted,424.0,,,,,,,
mps-2027-proposed-school-lineitem,3,mps,2027,proposed,Madison Academic HS,Enrollment,enrollment,,proposed,400.0,,,,,,,
mps-2027-proposed-school-lineitem,3,mps,2026,proposed,Manitoba School,School Budget,school_summary,6320457.0,adopted,55.55,,,,,,,
mps-2027-proposed-school-lineitem,3,mps,2027,proposed,Manitoba School,School Budget,school_summary,7334682.0,proposed,63.15,,,,,,,
mps-2027-proposed-school-lineitem,3,mps,2026,proposed,Manitoba School,Enrollment,enrollment,,adopted,432.0,,,,,,,
mps-2027-proposed-school-lineitem,3,mps,2027,proposed,Manitoba School,Enrollment,enrollment,,proposed,421.0,,,,,,,
mps-2027-proposed-school-lineitem,3,mps,2026,proposed,Maple Tree School,School Budget,school_summary,3927313.0,adopted,35.3,,,,,,,
mps-2027-proposed-school-lineitem,3,mps,2027,proposed,Maple Tree School,School Budget,school_summary,4621308.0,proposed,40.9,,,,,,,
mps-2027-proposed-school-lineitem,3,mps,2026,proposed,Maple Tree School,Enrollment,enrollment,,adopted,248.0,,,,,,,
mps-2027-proposed-school-lineitem,3,mps,2027,proposed,Maple Tree School,Enrollment,enrollment,,proposed,254.0,,,,,,,
mps-2027-proposed-school-lineitem,4,mps,2026,proposed,Marshall HS,School Budget,school_summary,10264187.0,adopted,86.41,,,,,,,
mps-2027-proposed-school-lineitem,4,mps,2027,proposed,Marshall HS,School Budget,school_summary,10180811.0,proposed,82.62,,,,,,,
mps-2027-proposed-school-lineitem,4,mps,2026,proposed,Marshall HS,Enrollment,enrollment,,adopted,657.0,,,,,,,
mps-2027-proposed-school-lineitem,4,mps,2027,proposed,Marshall HS,Enrollment,enrollment,,proposed,662.0,,,,,,,
mps-2027-proposed-school-lineitem,4,mps,2026,proposed,Maryland Av Montessori,School Budget,school_summary,5025075.0,adopted,44.9,,,,,,,
mps-2027-proposed-school-lineitem,4,mps,2027,proposed,Maryland Av Montessori,School Budget,school_summary,5306296.0,proposed,44.9,,,,,,,
mps-2027-proposed-school-lineitem,4,mps,2026,proposed,Maryland Av Montessori,Enrollment,enrollment,,adopted,511.0,,,,,,,
mps-2027-proposed-school-lineitem,4,mps,2027,proposed,Maryland Av Montessori,Enrollment,enrollment,,proposed,512.0,,,,,,,
mps-2027-proposed-school-lineitem,4,mps,2026,proposed,Metcalfe School,School Budget,school_summary,4280738.0,adopted,34.95,,,,,,,
mps-2027-proposed-school-lineitem,4,mps,2027,proposed,Metcalfe School,School Budget,school_summary,4795714.0,proposed,41.13,,,,,,,
mps-2027-proposed-school-lineitem,4,mps,2026,proposed,Metcalfe School,Enrollment,enrollment,,adopted,281.0,,,,,,,
mps-2027-proposed-school-lineitem,4,mps,2027,proposed,Metcalfe School,Enrollment,enrollment,,proposed,276.0,,,,,,,
mps-2027-proposed-school-lineitem,4,mps,2026,proposed,Milw Acad Of Chinese Language,School Budget,school_summary,7236480.0,adopted,60.52,,,,,,,
mps-2027-proposed-school-lineitem,4,mps,2027,proposed,Milw Acad Of Chinese Language,School Budget,school_summary,7923202.0,proposed,67.6,,,,,,,
mps-2027-proposed-school-lineitem,4,mps,2026,proposed,Milw Acad Of Chinese Language,Enrollment,enrollment,,adopted,502.0,,,,,,,
mps-2027-proposed-school-lineitem,4,mps,2027,proposed,Milw Acad Of Chinese Language,Enrollment,enrollment,,proposed,504.0,,,,,,,
mps-2027-proposed-school-lineitem,4,mps,2026,proposed,Milw Co Youth Educ Center,School Budget,school_summary,636079.0,adopted,3.43,,,,,,,
mps-2027-proposed-school-lineitem,4,mps,2027,proposed,Milw Co Youth Educ Center,School Budget,school_summary,388613.0,proposed,3.0,,,,,,,
mps-2027-proposed-school-lineitem,4,mps,2026,proposed,Milw Co Youth Educ Center,Enrollment,enrollment,,adopted,8.0,,,,,,,
mps-2027-proposed-school-lineitem,4,mps,2027,proposed,Milw Co Youth Educ Center,Enrollment,enrollment,,proposed,4.0,,,,,,,
mps-2027-proposed-school-lineitem,4,mps,2026,proposed,Milw French Immersion School,School Budget,school_summary,4591607.0,adopted,36.99,,,,,,,
mps-2027-proposed-school-lineitem,4,mps,2027,proposed,Milw French Immersion School,School Budget,school_summary,5132276.0,proposed,43.23,,,,,,,
mps-2027-proposed-school-lineitem,4,mps,2026,proposed,Milw French Immersion School,Enrollment,enrollment,,adopted,407.0,,,,,,,
mps-2027-proposed-school-lineitem,4,mps,2027,proposed,Milw French Immersion School,Enrollment,enrollment,,proposed,396.0,,,,,,,
mps-2027-proposed-school-lineitem,4,mps,2026,proposed,Milw German Immersion School,School Budget,school_summary,5368026.0,adopted,47.35,,,,,,,
mps-2027-proposed-school-lineitem,4,mps,2027,proposed,Milw German Immersion School,School Budget,school_summary,5741975.0,proposed,48.35,,,,,,,
mps-2027-proposed-school-lineitem,4,mps,2026,proposed,Milw German Immersion School,Enrollment,enrollment,,adopted,548.0,,,,,,,
mps-2027-proposed-school-lineitem,4,mps,2027,proposed,Milw German Immersion School,Enrollment,enrollment,,proposed,541.0,,,,,,,
mps-2027-proposed-school-lineitem,4,mps,2026,proposed,Milw HS - Arts,School Budget,school_summary,11811803.0,adopted,92.47,,,,,,,
mps-2027-proposed-school-lineitem,4,mps,2027,proposed,Milw HS - Arts,School Budget,school_summary,11182877.0,proposed,87.87,,,,,,,
mps-2027-proposed-school-lineitem,4,mps,2026,proposed,Milw HS - Arts,Enrollment,enrollment,,adopted,966.0,,,,,,,
mps-2027-proposed-school-lineitem,4,mps,2027,proposed,Milw HS - Arts,Enrollment,enrollment,,proposed,915.0,,,,,,,
mps-2027-proposed-school-lineitem,4,mps,2026,proposed,Milw Parkside School,School Budget,school_summary,11269375.0,adopted,98.15,,,,,,,
mps-2027-proposed-school-lineitem,4,mps,2027,proposed,Milw Parkside School,School Budget,school_summary,12168946.0,proposed,105.3,,,,,,,
mps-2027-proposed-school-lineitem,4,mps,2026,proposed,Milw Parkside School,Enrollment,enrollment,,adopted,873.0,,,,,,,
mps-2027-proposed-school-lineitem,4,mps,2027,proposed,Milw Parkside School,Enrollment,enrollment,,proposed,893.0,,,,,,,
mps-2027-proposed-school-lineitem,4,mps,2026,proposed,Milw School Of Languages,School Budget,school_summary,11720531.0,adopted,94.65,,,,,,,
mps-2027-proposed-school-lineitem,4,mps,2027,proposed,Milw School Of Languages,School Budget,school_summary,11290012.0,proposed,89.75,,,,,,,
mps-2027-proposed-school-lineitem,4,mps,2026,proposed,Milw School Of Languages,Enrollment,enrollment,,adopted,948.0,,,,,,,
mps-2027-proposed-school-lineitem,4,mps,2027,proposed,Milw School Of Languages,Enrollment,enrollment,,proposed,940.0,,,,,,,
mps-2027-proposed-school-lineitem,4,mps,2026,proposed,Milw Sign Language School,School Budget,school_summary,6383955.0,adopted,54.53,,,,,,,
mps-2027-proposed-school-lineitem,4,mps,2027,proposed,Milw Sign Language School,School Budget,school_summary,5035947.0,proposed,40.0,,,,,,,
mps-2027-proposed-school-lineitem,4,mps,2026,proposed,Milw Sign Language School,Enrollment,enrollment,,adopted,365.0,,,,,,,
mps-2027-proposed-school-lineitem,4,mps,2027,proposed,Milw Sign Language School,Enrollment,enrollment,,proposed,366.0,,,,,,,
mps-2027-proposed-school-lineitem,4,mps,2026,proposed,Milw Spanish Immersion School,School Budget,school_summary,7105496.0,adopted,63.3,,,,,,,
mps-2027-proposed-school-lineitem,4,mps,2027,proposed,Milw Spanish Immersion School,School Budget,school_summary,7439557.0,proposed,64.05,,,,,,,
mps-2027-proposed-school-lineitem,4,mps,2026,proposed,Milw Spanish Immersion School,Enrollment,enrollment,,adopted,546.0,,,,,,,
mps-2027-proposed-school-lineitem,4,mps,2027,proposed,Milw Spanish Immersion School,Enrollment,enrollment,,proposed,476.0,,,,,,,
mps-2027-proposed-school-lineitem,4,mps,2026,proposed,Mitchell School,School Budget,school_summary,8000697.0,adopted,66.9,,,,,,,
mps-2027-proposed-school-lineitem,4,mps,2027,proposed,Mitchell School,School Budget,school_summary,7963931.0,proposed,66.1,,,,,,,
mps-2027-proposed-school-lineitem,4,mps,2026,proposed,Mitchell School,Enrollment,enrollment,,adopted,526.0,,,,,,,
mps-2027-proposed-school-lineitem,4,mps,2027,proposed,Mitchell School,Enrollment,enrollment,,proposed,484.0,,,,,,,
mps-2027-proposed-school-lineitem,4,mps,2026,proposed,Morgandale School,School Budget,school_summary,6980733.0,adopted,58.9,,,,,,,
mps-2027-proposed-school-lineitem,4,mps,2027,proposed,Morgandale School,School Budget,school_summary,8056504.0,proposed,71.36,,,,,,,
mps-2027-proposed-school-lineitem,4,mps,2026,proposed,Morgandale School,Enrollment,enrollment,,adopted,603.0,,,,,,,
mps-2027-proposed-school-lineitem,4,mps,2027,proposed,Morgandale School,Enrollment,enrollment,,proposed,614.0,,,,,,,
mps-2027-proposed-school-lineitem,4,mps,2026,proposed,Morse MS,School Budget,school_summary,5693499.0,adopted,46.6,,,,,,,
mps-2027-proposed-school-lineitem,4,mps,2027,proposed,Morse MS,School Budget,school_summary,5345337.0,proposed,43.56,,,,,,,
mps-2027-proposed-school-lineitem,4,mps,2026,proposed,Morse MS,Enrollment,enrollment,,adopted,431.0,,,,,,,
mps-2027-proposed-school-lineitem,4,mps,2027,proposed,Morse MS,Enrollment,enrollment,,proposed,451.0,,,,,,,
mps-2027-proposed-school-lineitem,4,mps,2026,proposed,Neeskara School,School Budget,school_summary,4136232.0,adopted,36.25,,,,,,,
mps-2027-proposed-school-lineitem,4,mps,2027,proposed,Neeskara School,School Budget,school_summary,5102680.0,proposed,44.7,,,,,,,
mps-2027-proposed-school-lineitem,4,mps,2026,proposed,Neeskara School,Enrollment,enrollment,,adopted,290.0,,,,,,,
mps-2027-proposed-school-lineitem,4,mps,2027,proposed,Neeskara School,Enrollment,enrollment,,proposed,267.0,,,,,,,
mps-2027-proposed-school-lineitem,4,mps,2026,proposed,Ninety-Fifth Street School,School Budget,school_summary,4361616.0,adopted,38.6,,,,,,,
mps-2027-proposed-school-lineitem,4,mps,2027,proposed,Ninety-Fifth Street School,School Budget,school_summary,4794631.0,proposed,40.55,,,,,,,
mps-2027-proposed-school-lineitem,4,mps,2026,proposed,Ninety-Fifth Street School,Enrollment,enrollment,,adopted,419.0,,,,,,,
mps-2027-proposed-school-lineitem,4,mps,2027,proposed,Ninety-Fifth Street School,Enrollment,enrollment,,proposed,418.0,,,,,,,
mps-2027-proposed-school-lineitem,4,mps,2026,proposed,North HS,School Budget,school_summary,5388123.0,adopted,43.15,,,,,,,
mps-2027-proposed-school-lineitem,4,mps,2027,proposed,North HS,School Budget,school_summary,4943212.0,proposed,39.6,,,,,,,
mps-2027-proposed-school-lineitem,4,mps,2026,proposed,North HS,Enrollment,enrollment,,adopted,252.0,,,,,,,
mps-2027-proposed-school-lineitem,4,mps,2027,proposed,North HS,Enrollment,enrollment,,proposed,209.0,,,,,,,
mps-2027-proposed-school-lineitem,4,mps,2026,proposed,Obama SCTE,School Budget,school_summary,8372935.0,adopted,69.25,,,,,,,
mps-2027-proposed-school-lineitem,4,mps,2027,proposed,Obama SCTE,School Budget,school_summary,7754410.0,proposed,62.43,,,,,,,
mps-2027-proposed-school-lineitem,4,mps,2026,proposed,Obama SCTE,Enrollment,enrollment,,adopted,444.0,,,,,,,
mps-2027-proposed-school-lineitem,4,mps,2027,proposed,Obama SCTE,Enrollment,enrollment,,proposed,444.0,,,,,,,
mps-2027-proposed-school-lineitem,4,mps,2026,proposed,Parkview School,School Budget,school_summary,4499936.0,adopted,38.9,,,,,,,
mps-2027-proposed-school-lineitem,4,mps,2027,proposed,Parkview School,School Budget,school_summary,5037962.0,proposed,41.4,,,,,,,
mps-2027-proposed-school-lineitem,4,mps,2026,proposed,Parkview School,Enrollment,enrollment,,adopted,347.0,,,,,,,
mps-2027-proposed-school-lineitem,4,mps,2027,proposed,Parkview School,Enrollment,enrollment,,proposed,351.0,,,,,,,
mps-2027-proposed-school-lineitem,4,mps,2026,proposed,Pratt School,School Budget,school_summary,4037552.0,adopted,34.6,,,,,,,
mps-2027-proposed-school-lineitem,4,mps,2027,proposed,Pratt School,School Budget,school_summary,4366498.0,proposed,36.35,,,,,,,
mps-2027-proposed-school-lineitem,4,mps,2026,proposed,Pratt School,Enrollment,enrollment,,adopted,270.0,,,,,,,
mps-2027-proposed-school-lineitem,4,mps,2027,proposed,Pratt School,Enrollment,enrollment,,proposed,267.0,,,,,,,
mps-2027-proposed-school-lineitem,4,mps,2026,proposed,Project Stay HS,School Budget,school_summary,2491589.0,adopted,21.3,,,,,,,
mps-2027-proposed-school-lineitem,4,mps,2027,proposed,Project Stay HS,School Budget,school_summary,2295823.0,proposed,17.85,,,,,,,
mps-2027-proposed-school-lineitem,4,mps,2026,proposed,Project Stay HS,Enrollment,enrollment,,adopted,155.0,,,,,,,
mps-2027-proposed-school-lineitem,4,mps,2027,proposed,Project Stay HS,Enrollment,enrollment,,proposed,161.0,,,,,,,
mps-2027-proposed-school-lineitem,4,mps,2026,proposed,Pulaski HS,School Budget,school_summary,12561442.0,adopted,99.95,,,,,,,
mps-2027-proposed-school-lineitem,4,mps,2027,proposed,Pulaski HS,School Budget,school_summary,11687065.0,proposed,89.9,,,,,,,
mps-2027-proposed-school-lineitem,4,mps,2026,proposed,Pulaski HS,Enrollment,enrollment,,adopted,903.0,,,,,,,
mps-2027-proposed-school-lineitem,4,mps,2027,proposed,Pulaski HS,Enrollment,enrollment,,proposed,877.0,,,,,,,
mps-2027-proposed-school-lineitem,4,mps,2026,proposed,Reagan HS,School Budget,school_summary,13689635.0,adopted,101.85,,,,,,,
mps-2027-proposed-school-lineitem,4,mps,2027,proposed,Reagan HS,School Budget,school_summary,13242991.0,proposed,101.03,,,,,,,
mps-2027-proposed-school-lineitem,4,mps,2026,proposed,Reagan HS,Enrollment,enrollment,,adopted,1368.0,,,,,,,
mps-2027-proposed-school-lineitem,4,mps,2027,proposed,Reagan HS,Enrollment,enrollment,,proposed,1372.0,,,,,,,
mps-2027-proposed-school-lineitem,4,mps,2026,proposed,Riley School,School Budget,school_summary,3491596.0,adopted,28.05,,,,,,,
mps-2027-proposed-school-lineitem,4,mps,2027,proposed,Riley School,School Budget,school_summary,3991941.0,proposed,34.6,,,,,,,
mps-2027-proposed-school-lineitem,4,mps,2026,proposed,Riley School,Enrollment,enrollment,,adopted,278.0,,,,,,,
mps-2027-proposed-school-lineitem,4,mps,2027,proposed,Riley School,Enrollment,enrollment,,proposed,282.0,,,,,,,
mps-2027-proposed-school-lineitem,4,mps,2026,proposed,River Trail School,School Budget,school_summary,5589075.0,adopted,45.51,,,,,,,
mps-2027-proposed-school-lineitem,4,mps,2027,proposed,River Trail School,School Budget,school_summary,5673734.0,proposed,46.43,,,,,,,
mps-2027-proposed-school-lineitem,4,mps,2026,proposed,River Trail School,Enrollment,enrollment,,adopted,372.0,,,,,,,
mps-2027-proposed-school-lineitem,4,mps,2027,proposed,River Trail School,Enrollment,enrollment,,proposed,357.0,,,,,,,
mps-2027-proposed-school-lineitem,4,mps,2026,proposed,Riverside University HS,School Budget,school_summary,14776839.0,adopted,120.63,,,,,,,
mps-2027-proposed-school-lineitem,4,mps,2027,proposed,Riverside University HS,School Budget,school_summary,14664925.0,proposed,119.33,,,,,,,
mps-2027-proposed-school-lineitem,4,mps,2026,proposed,Riverside University HS,Enrollment,enrollment,,adopted,1210.0,,,,,,,
mps-2027-proposed-school-lineitem,4,mps,2027,proposed,Riverside University HS,Enrollment,enrollment,,proposed,1201.0,,,,,,,
mps-2027-proposed-school-lineitem,5,mps,2026,proposed,Riverwest (Pierce School),School Budget,school_summary,3536336.0,adopted,31.05,,,,,,,
mps-2027-proposed-school-lineitem,5,mps,2027,proposed,Riverwest (Pierce School),School Budget,school_summary,3921189.0,proposed,32.8,,,,,,,
mps-2027-proposed-school-lineitem,5,mps,2026,proposed,Riverwest (Pierce School),Enrollment,enrollment,,adopted,236.0,,,,,,,
mps-2027-proposed-school-lineitem,5,mps,2027,proposed,Riverwest (Pierce School),Enrollment,enrollment,,proposed,228.0,,,,,,,
mps-2027-proposed-school-lineitem,5,mps,2026,proposed,Rogers Street Academy,School Budget,school_summary,7058861.0,adopted,57.96,,,,,,,
mps-2027-proposed-school-lineitem,5,mps,2027,proposed,Rogers Street Academy,School Budget,school_summary,6543545.0,proposed,52.35,,,,,,,
mps-2027-proposed-school-lineitem,5,mps,2026,proposed,Rogers Street Academy,Enrollment,enrollment,,adopted,545.0,,,,,,,
mps-2027-proposed-school-lineitem,5,mps,2027,proposed,Rogers Street Academy,Enrollment,enrollment,,proposed,531.0,,,,,,,
mps-2027-proposed-school-lineitem,5,mps,2026,proposed,Roosevelt MS,School Budget,school_summary,3948179.0,adopted,31.25,,,,,,,
mps-2027-proposed-school-lineitem,5,mps,2027,proposed,Roosevelt MS,School Budget,school_summary,3956583.0,proposed,30.7,,,,,,,
mps-2027-proposed-school-lineitem,5,mps,2026,proposed,Roosevelt MS,Enrollment,enrollment,,adopted,270.0,,,,,,,
mps-2027-proposed-school-lineitem,5,mps,2027,proposed,Roosevelt MS,Enrollment,enrollment,,proposed,294.0,,,,,,,
mps-2027-proposed-school-lineitem,5,mps,2026,proposed,Sherman School,School Budget,school_summary,3254840.0,adopted,26.25,,,,,,,
mps-2027-proposed-school-lineitem,5,mps,2027,proposed,Sherman School,School Budget,school_summary,3540128.0,proposed,29.4,,,,,,,
mps-2027-proposed-school-lineitem,5,mps,2026,proposed,Sherman School,Enrollment,enrollment,,adopted,169.0,,,,,,,
mps-2027-proposed-school-lineitem,5,mps,2027,proposed,Sherman School,Enrollment,enrollment,,proposed,204.0,,,,,,,
mps-2027-proposed-school-lineitem,5,mps,2026,proposed,Siefert School,School Budget,school_summary,3275340.0,adopted,29.13,,,,,,,
mps-2027-proposed-school-lineitem,5,mps,2027,proposed,Siefert School,School Budget,school_summary,4219962.0,proposed,36.95,,,,,,,
mps-2027-proposed-school-lineitem,5,mps,2026,proposed,Siefert School,Enrollment,enrollment,,adopted,185.0,,,,,,,
mps-2027-proposed-school-lineitem,5,mps,2027,proposed,Siefert School,Enrollment,enrollment,,proposed,198.0,,,,,,,
mps-2027-proposed-school-lineitem,5,mps,2026,proposed,South Accelerated Academy,School Budget,school_summary,655244.0,adopted,4.0,,,,,,,
mps-2027-proposed-school-lineitem,5,mps,2027,proposed,South Accelerated Academy,School Budget,school_summary,299221.0,proposed,2.0,,,,,,,
mps-2027-proposed-school-lineitem,5,mps,2026,proposed,South Accelerated Academy,Enrollment,enrollment,,adopted,17.0,,,,,,,
mps-2027-proposed-school-lineitem,5,mps,2027,proposed,South Accelerated Academy,Enrollment,enrollment,,proposed,17.0,,,,,,,
mps-2027-proposed-school-lineitem,5,mps,2026,proposed,South Division HS,School Budget,school_summary,12676229.0,adopted,103.8,,,,,,,
mps-2027-proposed-school-lineitem,5,mps,2027,proposed,South Division HS,School Budget,school_summary,12468916.0,proposed,98.05,,,,,,,
mps-2027-proposed-school-lineitem,5,mps,2026,proposed,South Division HS,Enrollment,enrollment,,adopted,916.0,,,,,,,
mps-2027-proposed-school-lineitem,5,mps,2027,proposed,South Division HS,Enrollment,enrollment,,proposed,931.0,,,,,,,
mps-2027-proposed-school-lineitem,5,mps,2026,proposed,Starms Discovery School,School Budget,school_summary,3466282.0,adopted,29.31,,,,,,,
mps-2027-proposed-school-lineitem,5,mps,2027,proposed,Starms Discovery School,School Budget,school_summary,4153040.0,proposed,35.6,,,,,,,
mps-2027-proposed-school-lineitem,5,mps,2026,proposed,Starms Discovery School,Enrollment,enrollment,,adopted,241.0,,,,,,,
mps-2027-proposed-school-lineitem,5,mps,2027,proposed,Starms Discovery School,Enrollment,enrollment,,proposed,251.0,,,,,,,
mps-2027-proposed-school-lineitem,5,mps,2026,proposed,Starms Early Childhood,School Budget,school_summary,4054752.0,adopted,36.53,,,,,,,
mps-2027-proposed-school-lineitem,5,mps,2027,proposed,Starms Early Childhood,School Budget,school_summary,4392904.0,proposed,41.5,,,,,,,
mps-2027-proposed-school-lineitem,5,mps,2026,proposed,Starms Early Childhood,Enrollment,enrollment,,adopted,222.0,,,,,,,
mps-2027-proposed-school-lineitem,5,mps,2027,proposed,Starms Early Childhood,Enrollment,enrollment,,proposed,222.0,,,,,,,
mps-2027-proposed-school-lineitem,5,mps,2026,proposed,Story School,School Budget,school_summary,4358408.0,adopted,36.35,,,,,,,
mps-2027-proposed-school-lineitem,5,mps,2027,proposed,Story School,School Budget,school_summary,4926140.0,proposed,40.9,,,,,,,
mps-2027-proposed-school-lineitem,5,mps,2026,proposed,Story School,Enrollment,enrollment,,adopted,346.0,,,,,,,
mps-2027-proposed-school-lineitem,5,mps,2027,proposed,Story School,Enrollment,enrollment,,proposed,340.0,,,,,,,
mps-2027-proposed-school-lineitem,5,mps,2026,proposed,Stuart School,School Budget,school_summary,4367746.0,adopted,37.55,,,,,,,
mps-2027-proposed-school-lineitem,5,mps,2027,proposed,Stuart School,School Budget,school_summary,4310461.0,proposed,35.8,,,,,,,
mps-2027-proposed-school-lineitem,5,mps,2026,proposed,Stuart School,Enrollment,enrollment,,adopted,305.0,,,,,,,
mps-2027-proposed-school-lineitem,5,mps,2027,proposed,Stuart School,Enrollment,enrollment,,proposed,291.0,,,,,,,
mps-2027-proposed-school-lineitem,5,mps,2026,proposed,Thoreau School,School Budget,school_summary,4536982.0,adopted,37.5,,,,,,,
mps-2027-proposed-school-lineitem,5,mps,2027,proposed,Thoreau School,School Budget,school_summary,5173117.0,proposed,41.4,,,,,,,
mps-2027-proposed-school-lineitem,5,mps,2026,proposed,Thoreau School,Enrollment,enrollment,,adopted,350.0,,,,,,,
mps-2027-proposed-school-lineitem,5,mps,2027,proposed,Thoreau School,Enrollment,enrollment,,proposed,351.0,,,,,,,
mps-2027-proposed-school-lineitem,5,mps,2026,proposed,Thurston Woods School,School Budget,school_summary,4282072.0,adopted,36.65,,,,,,,
mps-2027-proposed-school-lineitem,5,mps,2027,proposed,Thurston Woods School,School Budget,school_summary,4758472.0,proposed,41.3,,,,,,,
mps-2027-proposed-school-lineitem,5,mps,2026,proposed,Thurston Woods School,Enrollment,enrollment,,adopted,239.0,,,,,,,
mps-2027-proposed-school-lineitem,5,mps,2027,proposed,Thurston Woods School,Enrollment,enrollment,,proposed,220.0,,,,,,,
mps-2027-proposed-school-lineitem,5,mps,2026,proposed,Townsend Street School,School Budget,school_summary,3843612.0,adopted,32.26,,,,,,,
mps-2027-proposed-school-lineitem,5,mps,2027,proposed,Townsend Street School,School Budget,school_summary,3871784.0,proposed,32.3,,,,,,,
mps-2027-proposed-school-lineitem,5,mps,2026,proposed,Townsend Street School,Enrollment,enrollment,,adopted,261.0,,,,,,,
mps-2027-proposed-school-lineitem,5,mps,2027,proposed,Townsend Street School,Enrollment,enrollment,,proposed,268.0,,,,,,,
mps-2027-proposed-school-lineitem,5,mps,2026,proposed,Transition HS,School Budget,school_summary,2156254.0,adopted,16.23,,,,,,,
mps-2027-proposed-school-lineitem,5,mps,2027,proposed,Transition HS,School Budget,school_summary,1898610.0,proposed,14.03,,,,,,,
mps-2027-proposed-school-lineitem,5,mps,2026,proposed,Transition HS,Enrollment,enrollment,,adopted,116.0,,,,,,,
mps-2027-proposed-school-lineitem,5,mps,2027,proposed,Transition HS,Enrollment,enrollment,,proposed,96.0,,,,,,,
mps-2027-proposed-school-lineitem,5,mps,2026,proposed,Trowbridge School,School Budget,school_summary,3624784.0,adopted,28.6,,,,,,,
mps-2027-proposed-school-lineitem,5,mps,2027,proposed,Trowbridge School,School Budget,school_summary,3633815.0,proposed,30.7,,,,,,,
mps-2027-proposed-school-lineitem,5,mps,2026,proposed,Trowbridge School,Enrollment,enrollment,,adopted,223.0,,,,,,,
mps-2027-proposed-school-lineitem,5,mps,2027,proposed,Trowbridge School,Enrollment,enrollment,,proposed,222.0,,,,,,,
mps-2027-proposed-school-lineitem,5,mps,2026,proposed,Victory School,School Budget,school_summary,5290505.0,adopted,44.97,,,,,,,
mps-2027-proposed-school-lineitem,5,mps,2027,proposed,Victory School,School Budget,school_summary,6163349.0,proposed,50.18,,,,,,,
mps-2027-proposed-school-lineitem,5,mps,2026,proposed,Victory School,Enrollment,enrollment,,adopted,416.0,,,,,,,
mps-2027-proposed-school-lineitem,5,mps,2027,proposed,Victory School,Enrollment,enrollment,,proposed,993.0,,,,,,,
mps-2027-proposed-school-lineitem,5,mps,2026,proposed,Vieau School,School Budget,school_summary,7956595.0,adopted,65.8,,,,,,,
mps-2027-proposed-school-lineitem,5,mps,2027,proposed,Vieau School,School Budget,school_summary,8425489.0,proposed,66.15,,,,,,,
mps-2027-proposed-school-lineitem,5,mps,2026,proposed,Vieau School,Enrollment,enrollment,,adopted,698.0,,,,,,,
mps-2027-proposed-school-lineitem,5,mps,2027,proposed,Vieau School,Enrollment,enrollment,,proposed,688.0,,,,,,,
mps-2027-proposed-school-lineitem,5,mps,2026,proposed,Vincent Accelerated Academy,School Budget,school_summary,677930.0,adopted,4.0,,,,,,,
mps-2027-proposed-school-lineitem,5,mps,2027,proposed,Vincent Accelerated Academy,School Budget,school_summary,309541.0,proposed,2.0,,,,,,,
mps-2027-proposed-school-lineitem,5,mps,2026,proposed,Vincent Accelerated Academy,Enrollment,enrollment,,adopted,35.0,,,,,,,
mps-2027-proposed-school-lineitem,5,mps,2027,proposed,Vincent Accelerated Academy,Enrollment,enrollment,,proposed,17.0,,,,,,,
mps-2027-proposed-school-lineitem,5,mps,2026,proposed,Vincent HS,School Budget,school_summary,8505573.0,adopted,66.42,,,,,,,
mps-2027-proposed-school-lineitem,5,mps,2027,proposed,Vincent HS,School Budget,school_summary,7344428.0,proposed,57.67,,,,,,,
mps-2027-proposed-school-lineitem,5,mps,2026,proposed,Vincent HS,Enrollment,enrollment,,adopted,474.0,,,,,,,
mps-2027-proposed-school-lineitem,5,mps,2027,proposed,Vincent HS,Enrollment,enrollment,,proposed,446.0,,,,,,,
mps-2027-proposed-school-lineitem,5,mps,2026,proposed,Wedgewood Park School,School Budget,school_summary,6688043.0,adopted,52.02,,,,,,,
mps-2027-proposed-school-lineitem,5,mps,2027,proposed,Wedgewood Park School,School Budget,school_summary,6252637.0,proposed,49.7,,,,,,,
mps-2027-proposed-school-lineitem,5,mps,2026,proposed,Wedgewood Park School,Enrollment,enrollment,,adopted,502.0,,,,,,,
mps-2027-proposed-school-lineitem,5,mps,2027,proposed,Wedgewood Park School,Enrollment,enrollment,,proposed,470.0,,,,,,,
mps-2027-proposed-school-lineitem,5,mps,2026,proposed,Westside Academy,School Budget,school_summary,3378439.0,adopted,29.95,,,,,,,
mps-2027-proposed-school-lineitem,5,mps,2027,proposed,Westside Academy,School Budget,school_summary,3476587.0,proposed,29.95,,,,,,,
mps-2027-proposed-school-lineitem,5,mps,2026,proposed,Westside Academy,Enrollment,enrollment,,adopted,177.0,,,,,,,
mps-2027-proposed-school-lineitem,5,mps,2027,proposed,Westside Academy,Enrollment,enrollment,,proposed,194.0,,,,,,,
mps-2027-proposed-school-lineitem,5,mps,2026,proposed,Whitman School,School Budget,school_summary,4668855.0,adopted,39.6,,,,,,,
mps-2027-proposed-school-lineitem,5,mps,2027,proposed,Whitman School,School Budget,school_summary,5332048.0,proposed,44.85,,,,,,,
mps-2027-proposed-school-lineitem,5,mps,2026,proposed,Whitman School,Enrollment,enrollment,,adopted,362.0,,,,,,,
mps-2027-proposed-school-lineitem,5,mps,2027,proposed,Whitman School,Enrollment,enrollment,,proposed,365.0,,,,,,,
mps-2027-proposed-school-lineitem,5,mps,2026,proposed,Whittier School,School Budget,school_summary,1804679.0,adopted,15.48,,,,,,,
mps-2027-proposed-school-lineitem,5,mps,2027,proposed,Whittier School,School Budget,school_summary,2043105.0,proposed,17.99,,,,,,,
mps-2027-proposed-school-lineitem,5,mps,2026,proposed,Whittier School,Enrollment,enrollment,,adopted,165.0,,,,,,,
mps-2027-proposed-school-lineitem,5,mps,2027,proposed,Whittier School,Enrollment,enrollment,,proposed,172.0,,,,,,,
mps-2027-proposed-school-lineitem,5,mps,2026,proposed,WHS Of Information Technology,School Budget,school_summary,5985783.0,adopted,46.95,,,,,,,
mps-2027-proposed-school-lineitem,5,mps,2027,proposed,WHS Of Information Technology,School Budget,school_summary,5475164.0,proposed,43.2,,,,,,,
mps-2027-proposed-school-lineitem,5,mps,2026,proposed,WHS Of Information Technology,Enrollment,enrollment,,adopted,361.0,,,,,,,
mps-2027-proposed-school-lineitem,5,mps,2027,proposed,WHS Of Information Technology,Enrollment,enrollment,,proposed,324.0,,,,,,,
mps-2027-proposed-school-lineitem,5,mps,2026,proposed,Wis Conservatory Lifelong Learning,School Budget,school_summary,5296577.0,adopted,41.95,,,,,,,
mps-2027-proposed-school-lineitem,5,mps,2027,proposed,Wis Conservatory Lifelong Learning,School Budget,school_summary,4830367.0,proposed,39.15,,,,,,,
mps-2027-proposed-school-lineitem,5,mps,2026,proposed,Wis Conservatory Lifelong Learning,Enrollment,enrollment,,adopted,249.0,,,,,,,
mps-2027-proposed-school-lineitem,5,mps,2027,proposed,Wis Conservatory Lifelong Learning,Enrollment,enrollment,,proposed,237.0,,,,,,,
mps-2027-proposed-school-lineitem,5,mps,2026,proposed,Zablocki School,School Budget,school_summary,4368391.0,adopted,36.19,,,,,,,
mps-2027-proposed-school-lineitem,5,mps,2027,proposed,Zablocki School,School Budget,school_summary,4460730.0,proposed,37.05,,,,,,,
mps-2027-proposed-school-lineitem,5,mps,2026,proposed,Zablocki School,Enrollment,enrollment,,adopted,258.0,,,,,,,
mps-2027-proposed-school-lineitem,5,mps,2027,proposed,Zablocki School,Enrollment,enrollment,,proposed,269.0,,,,,,,
